Date Time [UTC];Abgedeckte Bedarf der aFRR+;Abgedeckte Bedarf der aFRR-;Abgedeckte Bedarf der SA mFRR+;Abgedeckte Bedarf der SA mFRR-;Abgedeckte Bedarf der DA mFRR+;Abgedeckte Bedarf der DA mFRR-;NRV+ (Import);NRV- (Export);FRCE+ (Import);FRCE- (Export);Total System Imbalance;AE-Preis
23.09.2026 07:00;28.48117556;-12.44357778;45;0;0;0;2.409682222;-18.70288667;20.58567444;-21.66693667;-43.66313111;28.91
23.09.2026 07:15;8.543015556;-41.11463556;0;-3;0;0;1.126424444;-26.77545222;20.49588;-20.87726444;61.60203222;0.14
23.09.2026 07:30;2.709968889;-27.02174778;0;-31;0;0;2.34364;-38.26276889;18.53081556;-18.29182889;90.99192111;5.69
23.09.2026 07:45;1.570095556;-40.65729;0;-73;0;0;4.499742222;-30.37084222;20.41204667;-15.57915444;133.1254022;9.65
23.09.2026 08:00;9.451214444;-2.755535556;0;0;0;0;11.70187111;-11.90340444;15.86776667;-12.54394889;-9.817963333;25.93
23.09.2026 08:15;14.67312889;-20.15814;0;0;0;0;0.674256667;-43.48893222;9.318854444;-14.98535222;53.96618444;-4.09
23.09.2026 08:30;5.287265556;-4.736876667;0;0;0;0;0.334146667;-63.06750222;15.99175;-12.25586111;58.44707778;10.43
23.09.2026 08:45;27.51465333;-11.62435222;0;-90;0;0;32.61243667;-0.471807778;19.90531778;-20.50564667;42.56939889;0.09
23.09.2026 09:00;6.802027778;-12.01877778;0;0;0;0;2.604978889;-9.419804444;15.97601667;-13.97759111;10.03315;4.61
23.09.2026 09:15;13.69058667;-13.41174222;0;0;0;0;5.205741111;-21.18081111;12.05430222;-15.97275667;19.61468;6.76
23.09.2026 09:30;6.251901111;-3.637962222;31;0;0;0;0.537716667;-63.40269111;16.53782222;-13.30999778;26.02321111;11.13
23.09.2026 09:45;3.024358889;-6.668016667;0;0;0;0;0.203444444;-55.71731222;10.81407;-14.26080778;62.60426333;4.8
23.09.2026 10:00;20.25769667;-4.052196667;0;0;0;0;99.97402889;-2.108363333;17.57132889;-14.00851444;-117.63398;23.93
23.09.2026 10:15;6.753744444;-15.03581111;0;-5;0;0;90.22233333;-5.363947778;15.27642889;-16.86848556;-69.98426222;20.75
23.09.2026 10:30;9.997804444;-1.951767778;0;-5;0;0;93.65034222;-0.249455556;14.39860889;-13.0325;-97.81303222;19.06
23.09.2026 10:45;2.138667778;-7.182072222;0;-26;0;0;51.73852556;-2.028656667;13.28070444;-14.29036222;-17.65680667;17.97
23.09.2026 11:00;2.79596;-4.079324444;51;0;0;0;70.73348333;-1.267692222;13.35476778;-12.20024778;-120.3369467;19.12
23.09.2026 11:15;10.90086556;-1.107578889;73;0;0;0;68.89701111;-0.425533333;12.55967444;-12.81928444;-151.0051544;25.76
23.09.2026 11:30;5.150283333;-3.283153333;36;0;0;0;101.4462844;-0.457871111;13.10275444;-12.42784667;-139.5304511;23.35
23.09.2026 11:45;8.749725556;-17.71104111;75;0;0;0;32.39015667;-2.057098889;12.41400889;-19.45204444;-89.33370667;25.1
23.09.2026 12:00;38.88456111;-4.2806;53;0;0;0;28.90740222;-3.667808889;21.31021111;-13.12336889;-121.0303967;26.03
23.09.2026 12:15;21.84545222;-3.264712222;28;0;0;0;12.67627222;-23.03382778;15.63177556;-19.98969;-31.86527;21.59
23.09.2026 12:30;2.902564444;-4.917811111;28;0;0;0;60.13820667;-1.284772222;13.76138889;-11.0772;-87.52237667;16.79
23.09.2026 12:45;16.51069667;-2.243116667;0;-5;0;0;39.02140222;-3.526572222;13.24382556;-16.40462778;-41.60160778;19.89
23.09.2026 13:00;4.01368;-6.695962222;25;0;0;0;0.0162;-68.06760444;14.42653667;-12.33534556;43.64249556;4.49
23.09.2026 13:15;10.26204111;-3.83734;25;0;0;0;7.547516667;-31.57172222;15.16765333;-12.86457667;-9.703572222;20.36
23.09.2026 13:30;19.62618111;-2.565104444;0;0;0;0;30.70472556;-10.97442444;19.55078556;-22.36111;-33.98105333;24.68
23.09.2026 13:45;0.239257778;-26.62570222;75;0;0;0;2.87807;-19.26985333;14.19108333;-17.02990778;-29.38294778;22.19
23.09.2026 14:00;1.689176667;-17.64946667;0;-31;0;0;47.91831111;-8.341531111;20.23219778;-17.93863333;5.089945556;8.65
23.09.2026 14:15;2.238228889;-31.99245556;0;-3;0;0;7.153348889;-27.20487778;17.57814222;-16.76404889;51.99166222;4.92
23.09.2026 14:30;11.17567444;-28.94666556;32;0;0;0;6.556248889;-21.35272556;23.00753;-20.08517111;-2.354891111;23.99
23.09.2026 14:45;5.547683333;-14.55239667;0;0;0;0;61.83063;-2.12064;21.80419222;-24.13086444;-48.37860444;22.73
23.09.2026 15:00;14.26242444;-25.35835111;0;-45;0;0;19.77385111;-3.921868889;23.81700444;-20.69960222;37.12654222;6.46
23.09.2026 15:15;20.66028444;-0.488825556;0;0;0;0;0.939248889;-27.22156667;18.83490889;-17.59847222;4.874422222;15.87
23.09.2026 15:30;54.23990667;-0.039062222;7;0;0;0;1.478413333;-16.00990556;26.17974;-29.98805667;-42.86103556;24.75
23.09.2026 15:45;22.63209333;-2.521713333;96;0;0;0;0.37694;-45.26709333;21.64415333;-18.40114667;-74.46323333;29.32
23.09.2026 16:00;24.80142667;-3.018398889;0;0;0;0;107.9096022;-3.480355556;23.01622444;-23.23297222;-125.9955267;31.66
23.09.2026 16:15;30.28699333;-1.992713333;0;0;0;0;65.70480778;-4.47112;28.56662444;-27.5301;-90.56449222;32.79
23.09.2026 16:30;64.54699556;-0.585397778;88;0;0;0;3.434602222;-5.547423333;21.52505333;-17.98746111;-153.3863689;33.67
23.09.2026 16:45;36.15476556;-1.209034444;80;0;0;0;5.111175556;-20.75302667;16.90837667;-25.13048556;-91.08177111;32.52
23.09.2026 17:00;38.94667;-1.847608889;51;0;0;0;3.631796667;-30.94185;22.17881333;-22.59711667;-60.37070444;34.51
23.09.2026 17:15;31.58475889;-0.043131111;46;0;0;0;9.304417778;-10.42643667;15.87049667;-16.14855444;-76.14155111;29.87
23.09.2026 17:30;46.04084889;-0.087078889;20;0;0;0;2.261237778;-6.120875556;20.82411444;-15.00840889;-67.90983778;32.14
23.09.2026 17:45;15.71180222;-9.407818889;0;0;0;0;50.26990111;-5.328322222;14.83343667;-21.66910222;-44.40989667;33.31
23.09.2026 18:00;4.058436667;-6.632476667;40;0;0;0;21.83087222;-9.032572222;13.50586667;-13.699;-50.03112667;29.73
23.09.2026 18:15;1.11844;-19.02641889;24;0;0;0;16.49045778;-8.22351;14.44741889;-16.51936222;-12.28702556;28.97
23.09.2026 18:30;12.37467667;-5.31547;0;0;0;0;22.82103889;-7.146077778;15.89246667;-13.90217;-24.72446444;31.8
23.09.2026 18:45;9.828561111;-25.05018111;0;-30;0;0;20.72151222;-8.920752222;14.59744222;-20.68875778;39.51217556;13.26
23.09.2026 19:00;39.69969778;-4.214405556;45;0;0;0;24.75113667;-6.695574444;23.27093778;-13.56771111;-108.2440811;30.2
23.09.2026 19:15;35.15029;-0.403914444;0;0;0;0;10.17414667;-9.003906667;13.76247778;-16.07096556;-33.60812778;29.95
23.09.2026 19:30;5.840114444;-8.091374444;20;0;0;0;22.01625;-8.397501111;14.51985889;-15.69118778;-30.19616;27.65
23.09.2026 19:45;0.897893333;-54.58198556;0;0;0;0;18.85794222;-0.4132;12.44248889;-19.83723556;42.63409667;10.32
23.09.2026 20:00;1.481924444;-43.19283;30;0;0;0;13.36913556;-0.033173333;27.19021333;-19.31124556;-9.504024444;25.49
23.09.2026 20:15;2.000866667;-15.53927667;30;0;0;0;27.06980889;-0.030217778;11.98323222;-18.63092444;-36.85348889;24.96
23.09.2026 20:30;1.527228889;-11.96045444;0;-4;0;0;19.52174111;-5.853111111;17.18585444;-10.50428556;-5.916973333;23.89
23.09.2026 20:45;21.72769667;-10.72725889;0;0;0;0;18.74922667;-6.157108889;10.19911;-13.69303444;-20.09863111;27.03
23.09.2026 21:00;2.677134444;-8.65532;35;0;0;0;13.92542;-3.727207778;13.89756;-12.05132889;-41.06625778;24.87
23.09.2026 21:15;3.347438889;-19.62295;15;0;0;0;13.21943556;-2.259517778;11.12684222;-14.25075889;-6.56049;24.79
23.09.2026 21:30;7.127811111;-6.644146667;15;0;0;0;8.361018889;-13.42146889;13.74077222;-9.722213333;-14.44177333;25.16
23.09.2026 21:45;8.848191111;-18.28803444;0;0;0;0;11.15077333;-5.786007778;10.96599222;-15.79481667;8.903902222;11.95
23.09.2026 22:00;23.91031667;-3.599721111;26;0;0;0;18.00885444;-8.932102222;16.70273667;-10.67248111;-61.41760333;27.31
23.09.2026 22:15;58.87396;-0.749512222;8;0;0;0;5.583847778;-6.886832222;18.06343222;-18.97677556;-63.90812;27.9
23.09.2026 22:30;11.30153333;-1.250265556;0;0;0;0;6.936887778;-5.205667778;8.970545556;-9.781093333;-10.97194;26.29
23.09.2026 22:45;0.937498889;-8.98411;5;0;0;0;19.97505556;-0.829412222;8.237034444;-10.75684667;-13.57922;24.06
23.09.2026 23:00;2.336685556;-22.13460222;30;0;0;0;13.07697889;-10.25239778;10.08464778;-9.958488889;-13.15282333;24.1
23.09.2026 23:15;6.285268889;-7.759612222;8;0;0;0;14.46716333;-3.195137778;9.748538889;-9.511175556;-18.03504556;25.89
23.09.2026 23:30;1.20551;-3.661291111;5;0;0;0;1.487488889;-32.56741889;8.465991111;-7.041002222;27.11072222;13.57
23.09.2026 23:45;13.85008778;-2.985298889;0;0;0;0;13.89943333;-1.315411111;11.93196333;-10.21863667;-25.16213778;25.55
24.09.2026 00:00;15.52568778;-2.353515556;5;0;0;0;5.401856667;-3.033402222;10.10118667;-11.26221444;-19.37959889;27.4
24.09.2026 00:15;4.118643333;-4.329427778;8;0;0;0;41.19764222;-0.716778889;6.795246667;-7.379282222;-47.68604333;24.56
24.09.2026 00:30;1.197377778;-12.29466111;0;0;0;0;42.95624778;-0.047132222;10.47932889;-9.449873333;-32.84128778;24.06
24.09.2026 00:45;3.096782222;-33.85633667;0;0;0;0;7.823428889;-10.94697333;7.692873333;-12.14709;38.33731556;6.84
24.09.2026 01:00;1.937925556;-5.359444444;8;0;0;0;52.27104333;-0.123942222;12.47721222;-7.435448889;-61.76734556;23.99
24.09.2026 01:15;1.868752222;-6.516666667;0;-10;0;0;42.08232778;-0.800288889;8.121734444;-9.907761111;-24.84809778;23.48
24.09.2026 01:30;1.888834444;-11.90238;0;0;0;0;11.37611444;-3.526144444;8.908963333;-10.98334556;4.237957778;12.48
24.09.2026 01:45;1.938215556;-4.47943;0;0;0;0;27.91296444;-0.920851111;11.63872333;-8.024624444;-28.06499778;23.45
24.09.2026 02:00;1.272243333;-8.446973333;0;0;0;0;24.40181667;-0.003593333;8.082141111;-10.77771111;-14.52792333;22.91
24.09.2026 02:15;1.202257778;-11.07854444;0;0;0;0;25.85395667;-0.097628889;11.38998111;-9.015847778;-18.25417444;22.9
24.09.2026 02:30;14.00147889;-2.604977778;15;0;0;0;13.51775333;-5.181923333;8.673497778;-10.58676222;-32.81906667;24.29
24.09.2026 02:45;3.89975;-15.57917;35;0;0;0;3.903002222;-7.454448889;8.241372222;-14.18078111;-13.82972444;24.22
24.09.2026 03:00;0.702587778;-39.76181667;0;-20;0;0;15.98415111;-0.054724444;16.47243889;-9.605024444;36.26238778;6.42
24.09.2026 03:15;0.099552222;-24.48541222;0;-10;0;0;8.568774444;-1.688382222;9.064126667;-12.60090111;31.04224222;9.4
24.09.2026 03:30;20.02062333;-21.84408667;45;0;0;0;7.823162222;-4.183806667;19.96609;-12.39583444;-54.38614778;25.36
24.09.2026 03:45;6.792261111;-10.30165444;45;0;0;0;56.46657111;-0.199574444;13.09597111;-17.92045444;-92.93312;28.49
24.09.2026 04:00;28.82568;-2.694235556;0;-20;0;0;6.896854444;-5.185615556;18.70279667;-13.93934778;-12.60613222;27.95
24.09.2026 04:15;26.33653778;-0.515682222;0;0;0;0;6.216862222;-15.40607778;17.59249667;-21.10840222;-13.11573444;27.99
24.09.2026 04:30;59.79544667;-0.001085556;45;0;0;0;1.883711111;-6.868497778;19.83616778;-16.57525444;-103.0704878;29.39
24.09.2026 04:45;24.70594444;-0.636935556;45;0;0;0;6.370747778;-12.42186556;15.73296556;-19.90206889;-58.84878778;28.99
24.09.2026 05:00;2.521156667;-27.94351556;20;0;0;0;6.310728889;-65.66430778;18.00511444;-16.26953111;63.04035444;7.89
24.09.2026 05:15;0.961366667;-27.18777889;24;0;0;0;11.14394778;-16.51869111;16.13035778;-20.61820444;12.08900222;10.83
24.09.2026 05:30;0.106605556;-36.04518778;32;0;0;0;1.35764;-25.26587;15.33934667;-17.85807333;30.36553889;9.05
24.09.2026 05:45;0.785043333;-19.08584333;39;0;0;0;3.121693333;-62.54187667;20.94156889;-16.66232556;34.44174;11.25
24.09.2026 06:00;0.136175556;-37.8136;0;0;0;0;16.20442222;-6.949486667;19.55864333;-21.50173667;30.36558222;8.4
24.09.2026 06:15;0.66434;-46.59722222;0;0;0;0;11.13499444;-2.31021;13.94232778;-20.22297333;43.38874333;6.82
24.09.2026 06:30;21.51093556;-9.919425556;0;0;0;0;13.44170222;-18.26232889;23.7858;-14.81011889;-15.74656444;29.08
24.09.2026 06:45;64.62973222;-1.875265556;0;-75;0;0;11.78542111;-10.87427889;19.26323;-18.92063333;10.99179444;11.94
24.09.2026 07:00;13.68435;-7.127833333;39;0;0;0;1.208976667;-34.18807444;17.28814;-17.99153889;-11.87402;28.78
